<?xml version="1.0" encoding="UTF-8"?>
<project-private xmlns="http://www.netbeans.org/ns/project-private/1">
    <editor-bookmarks xmlns="http://www.netbeans.org/ns/editor-bookmarks/2" lastBookmarkId="0"/>
    <open-files xmlns="http://www.netbeans.org/ns/projectui-open-files/2">
        <group>
            <file>file:/C:/Users/TommieB/Documents/008-CoderDojo/010-Java/CoderDoJo_Week4/src/Mallow4/Mallow4Pri.java</file>
            <file>file:/C:/Users/TommieB/Documents/008-CoderDojo/010-Java/CoderDoJo_Week4/src/Mallow4/Mallow4Sec.java</file>
            <file>file:/C:/Users/TommieB/Documents/008-CoderDojo/010-Java/CoderDoJo_Week4/src/InterfaceCallbacks/MallowLooper.java</file>
            <file>file:/C:/Users/TommieB/Documents/008-CoderDojo/010-Java/CoderDoJo_Week4/src/Mallow4/IMallow4.java</file>
            <file>file:/C:/Users/TommieB/Documents/008-CoderDojo/010-Java/CoderDoJo_Week4/src/InterfaceCallbacks/MallowMain.java</file>
            <file>file:/C:/Users/TommieB/Documents/008-CoderDojo/010-Java/CoderDoJo_Week4/src/coderdojo_week4/CoderDoJo_Week4.java</file>
            <file>file:/C:/Users/TommieB/Documents/008-CoderDojo/010-Java/CoderDoJo_Week4/src/InterfaceCallbacks/MallowCbDemo.java</file>
        </group>
    </open-files>
</project-private>
